{
	"Set":{	"name":"TestData","set":[37.011968980796858,85.823562301020317,	43.28994005633465,50.35331016720216,25.562750889277829,13.434420818794058,62.197300373837429,55.864727396410707,94.710907707534645,89.020146623728081,18.878022659766948,78.441605129663273,36.133770208014738,6.431137220469985,18.02731441058971,6.6643580536038582,75.047654799936993,23.587380356399045,51.248771856555322],"mean":0,"median":0,"modal":0,"variance":0,"standardDeviation":0,}}